{
  "project_info": {
    "project_number": "907274160287",
    "firebase_url": "https://applock-2a09d.firebaseio.com",
    "project_id": "applock-2a09d",
    "storage_bucket": "applock-2a09d.appspot.com"
  },
  "client": [
    {
      "client_info": {
        "mobilesdk_app_id": "1:907274160287:android:2af85ce5eee8db15",
        "android_client_info": {
          "package_name": "com.codecanyon.bestapplock"
        }
      },
      "oauth_client": [
        {
          "client_id": "907274160287-73ncvu092rvdqr9domu3atuof4mqpaf0.apps.googleusercontent.com",
          "client_type": 3
        }
      ],
      "api_key": [
        {
          "current_key": "AIzaSyA0-9dDsqWxGU9UyrtqBfB_N1Ho07NGcrk"
        }
      ],
      "services": {
        "analytics_service": {
          "status": 1
        },
        "appinvite_service": {
          "status": 1,
          "other_platform_oauth_client": []
        },
        "ads_service": {
          "status": 2
        }
      }
    }
  ],
  "configuration_version": "1"
}